also	1345
see	1229
one	1210
use	1188
link	1168
first	1144
external	1142
include	1129
two	1082
make	1075
may	1071
time	1068
many	1034
new	1018
know	1011
call	1003
become	993
can	977
name	973
however	966
take	964
part	951
year	951
give	922
form	922
reference	918
number	894
follow	887
several	885
work	874
well	871
since	871
find	866
later	863
world	861
three	856
state	851
early	844
although	834
base	830
result	815
lead	810
come	808
history	807
begin	799
end	796
place	796
often	785
second	776
another	769
system	768
show	765
much	761
now	756
people	750
different	749
consider	747
term	746
example	742
even	736
group	733
will	730
like	730
refer	729
provide	727
order	720
remain	719
still	718
way	716
create	715
within	712
large	711
set	708
around	707
due	704
defaultsort	701
change	695
day	691
allow	687
high	686
general	683
say	683
among	680
hold	680
list	679
common	678
united	676
write	676
various	674
develop	671
describe	666
accord	665
small	664
century	663
mean	660
modern	656
major	655
leave	654
case	654
note	648
point	646
life	645
present	644
contain	642
university	641
continue	640
without	640
start	639
four	639
american	637
appear	637
great	634
long	632
though	628
important	627
produce	627
area	624
last	622
similar	618
study	616
main	614
thus	613
sometimes	612
support	611
less	609
along	609
national	606
source	601
either	600
member	600
force	596
cause	594
states	590
back	584
country	583
exist	582
type	582
late	580
book	578
international	577
increase	576
move	573
john	572
require	572
original	570
development	570
power	568
usually	566
period	566
need	565
just	564
city	561
war	560
live	560
feature	559
receive	558
line	555
third	555
rather	548
word	548
turn	547
open	547
complete	547
series	546
generally	546
public	544
involve	542
family	540
the	540
english	539
publish	538
man	530
old	529
bear	529
together	529
addition	529
every	528
control	527
occur	525
fall	524
act	524
establish	523
level	521
popular	521
issue	521
run	517
almost	516
process	516
serve	515
upon	515
add	514
range	513
north	512
claim	512
press	510
design	510
five	509
especially	509
help	508
references	508
death	508
report	506
south	505
view	504
record	504
close	503
play	503
attempt	502
represent	501
single	499
return	499
possible	499
bring	497
role	496
least	496
former	495
human	494
near	494
effect	493
build	493
instead	491
company	488
position	488
standard	488
must	487
home	487
special	485
believe	485
age	484
consist	484
die	484
government	483
never	483
service	480
house	479
throughout	477
event	477
introduce	476
fact	475
rule	474
total	473
british	473
right	472
central	469
local	469
certain	469
replace	469
problem	468
side	467
best	467
available	467
direct	466
influence	465
little	464
body	463
reach	463
hand	462
suggest	461
today	460
individual	460
law	459
short	459
whose	458
next	458
field	457
free	457
official	457
six	456
regard	456
french	454
date	454
think	451
significant	450
far	449
york	449
grow	448
particular	447
carry	446
march	446
particularly	446
language	445
head	445
current	444
information	444
mark	444
good	442
lose	441
version	439
reason	436
society	435
originally	435
natural	433
reduce	433
separate	433
region	433
keep	433
september	431
subject	430
project	428
rise	428
associate	428
release	428
eventually	427
enter	427
full	426
model	425
land	425
school	425
center	424
west	423
december	423
isbn	420
june	420
origin	419
western	419
condition	419
reading	418
science	418
strong	417
july	417
offer	417
meet	417
million	417
child	416
pass	416
account	416
october	416
water	415
despite	415
higher	415
structure	414
commonly	413
article	412
value	412
east	411
therefore	410
get	409
light	409
cover	409
recent	407
european	407
europe	407
identify	406
depend	406
per	405
august	405
across	405
april	404
research	404
material	404
month	403
sign	402
able	402
define	402
element	401
maintain	401
always	401
share	401
community	400
january	400
november	400
german	398
derive	398
longer	397
apply	397
union	397
david	397
culture	397
whether	396
person	396
nature	395
break	394
author	394
low	394
movement	393
traditional	392
lower	392
method	392
limit	392
action	392
outside	392
function	390
lack	389
king	387
half	387
london	387
title	387
practice	386
related	385
earlier	384
variety	384
determine	383
might	383
interest	382
plan	382
amount	382
specific	382
theory	382
middle	381
idea	380
widely	379
william	379
perform	379
compare	378
greater	378
basis	377
look	377
future	377
space	376
largest	376
put	375
experience	375
concern	374
political	374
choose	373
kingdom	373
robert	372
difference	372
accept	371
vary	371
figure	370
program	370
black	370
activity	369
better	369
unit	369
mostly	369
gain	369
america	367
size	366
military	366
directly	366
white	365
face	364
focus	364
purpose	364
rate	363
join	363
complex	363
class	363
degree	361
larger	361
property	360
top	359
highly	359
adopt	358
measure	357
production	357
approach	356
independent	355
population	355
discover	355
seek	355
air	355
ancient	355
february	354
character	354
attack	354
final	354
nearly	354
away	354
art	353
ten	352
james	352
additional	352
greek	352
yet	351
woman	350
primary	350
question	350
propose	350
true	350
film	349
social	349
draw	349
combine	348
via	348
divide	347
operation	347
indicate	347
numerous	346
style	345
young	345
son	345
product	345
site	344
office	344
remove	344
send	343
currently	342
rest	342
towards	340
text	340
kill	340
deal	340
try	339
relatively	339
concept	338
found	338
whole	338
express	338
eastern	337
already	337
relationship	337
typically	337
entire	336
church	336
historical	336
france	335
latter	335
estimate	334
previous	334
association	334
simply	334
charles	333
real	333
basic	332
effort	332
institute	332
section	332
president	332
party	332
raise	332
approximately	332
stage	331
extend	331
red	331
evidence	331
travel	331
seven	330
image	329
southern	328
operate	328
personal	328
largely	327
win	327
recognize	327
story	327
collection	327
roman	327
famous	326
northern	325
soon	325
difficult	324
seem	324
speak	324
father	323
prove	323
primarily	323
smaller	323
actually	322
achieve	322
clear	321
stand	321
edition	321
matter	321
key	321
enough	320
past	320
court	320
technology	319
wide	319
notable	319
decide	318
initially	318
volume	318
access	317
multiple	316
improve	314
mention	313
location	313
paul	312
sense	312
finally	312
course	311
page	310
germany	309
george	308
army	308
michael	307
simple	307
latin	307
fail	307
beginning	306
majority	306
explain	306
successful	306
letter	305
factor	305
average	305
mainly	304
nation	304
except	304
frequently	304
ever	304
river	304
located	303
authority	303
survive	303
prevent	302
behind	302
expand	302
christian	301
island	301
active	301
relate	301
relation	300
kind	300
animal	299
construction	299
loss	299
response	299
town	299
physical	298
avoid	298
contemporary	298
online	298
sea	298
peter	298
previously	297
award	297
writer	297
leader	297
organization	297
england	296
private	296
business	295
cross	295
obtain	294
republic	294
royal	294
fire	294
visit	294
likely	294
industry	293
ask	293
thing	293
mass	293
ability	293
student	293
hundred	293
announce	292
intend	291
recently	291
status	291
situation	290
instance	290
building	290
division	289
foundation	289
thousand	289
contribute	288
prior	288
television	288
stop	288
connect	287
probably	287
expect	287
analysis	286
necessary	286
understand	286
food	286
religious	286
contrast	285
civil	285
employ	285
older	284
sell	284
tell	284
success	283
datum	283
application	283
battle	283
hour	283
object	283
richard	283
potential	282
want	281
commercial	281
library	280
media	280
education	280
incorporate	280
affect	280
characteristic	280
era	280
initial	279
computer	279
read	279
conduct	278
introduction	278
decade	278
game	278
branch	278
tradition	277
relative	277
transfer	277
completely	277
oppose	277
compose	277
test	276
surround	276
week	275
argue	275
highest	275
foreign	274
assume	274
alternative	274
unlike	274
trade	273
agree	273
star	272
cost	271
health	271
drive	271
respectively	271
night	271
document	271
grant	270
team	270
music	270
limited	270
observe	270
beyond	269
network	269
fully	268
charge	268
pay	268
front	268
construct	268
empire	267
economic	267
guide	267
capital	267
eight	266
principle	266
suffer	265
god	265
creation	265
tend	265
department	265
presence	265
reflect	265
review	265
quality	265
spend	265
direction	265
ship	264
host	264
council	264
surface	263
decision	263
earth	263
summer	263
feel	263
known	263
destroy	263
magazine	262
chief	262
promote	262
station	262
appearance	261
drop	261
fight	260
spread	260
canada	260
code	260
length	259
literature	258
address	258
advance	258
learn	257
means	257
journal	257
select	257
website	256
aspect	256
cultural	255
mother	255
declare	254
thomas	254
sound	254
radio	253
ground	253
retain	253
inside	253
attribute	253
wife	253
technique	253
growth	253
subsequent	252
easily	252
combination	252
supply	251
launch	251
display	251
emerge	251
detail	251
step	251
scientific	251
performance	251
description	250
board	250
market	250
annual	250
notably	250
quite	249
shape	249
store	249
component	249
file	249
manage	248
china	248
henry	248
normal	248
native	248
iii	247
policy	247
alone	247
prominent	247
equal	247
birth	247
actual	246
context	246
treat	246
distinguish	246
reveal	246
rights	245
arrive	245
museum	245
fourth	245
specifically	245
brother	244
green	244
perhaps	244
immediately	244
aid	244
decline	243
quickly	243
extensive	242
earliest	242
plant	242
extremely	241
unique	241
connection	241
differ	241
centre	241
definition	241
video	240
pattern	240
road	239
band	239
scientist	238
agreement	238
demand	238
friend	238
double	238
officially	238
piece	238
meaning	238
commission	237
capture	237
conflict	237
subsequently	237
pressure	237
cut	237
transport	237
college	237
minor	236
critical	236
discuss	236
command	236
protect	236
possibly	235
italian	234
legal	234
importance	234
advantage	234
cite	233
financial	233
challenge	233
regular	232
africa	232
distinct	232
table	232
portion	231
publication	231
generation	231
slightly	231
aim	230
typical	230
notes	230
director	230
exception	230
desire	230
paper	230
equivalent	230
distance	230
hall	230
arise	230
poor	230
scholar	230
bank	229
environment	229
symbol	229
arm	229
territory	228
whereas	228
root	228
heart	228
responsible	228
speed	227
daughter	227
california	227
entirely	227
rank	226
heavy	226
upper	226
russian	226
somewhat	226
news	226
formation	226
italy	225
conclude	225
institution	225
internal	225
unknown	225
resource	225
hope	225
convert	225
lie	225
heavily	224
campaign	224
australia	224
following	224
knowledge	224
britain	223
religion	223
spanish	223
post	222
demonstrate	222
category	222
benefit	222
overall	222
attention	222
greatest	222
powerful	222
significantly	221
existence	221
india	221
classical	221
damage	220
coast	220
catholic	220
love	220
african	220
historian	220
spring	220
debate	220
something	219
toward	219
martin	219
variation	219
wall	218
money	218
device	218
dispute	218
joseph	218
rock	218
nine	217
administration	217
lay	217
eye	217
credit	217
occupy	217
energy	216
professional	216
scale	216
train	216
marry	215
minister	215
big	214
similarly	214
organize	214
square	214
song	214
master	214
belong	212
count	212
port	212
rare	212
choice	212
track	212
useful	212
happen	212
refuse	212
park	211
tree	211
treatment	211
defeat	210
